<?xml version="1.0" encoding="UTF-8"?>
<topalbums artista="">
    Joaquín Sabina
    <album>
        <name/>
        Nos Sobran Los Motivos
    </album>
    <album>
        <name/>
        19 Días y 500 Noches
    </album>
    <album>
        <name/>
        Fisica Y Quimica
    </album>
    <album>
        <name/>
        Yo, mi, me, contigo
    </album>
    <album>
        <name/>
        Esta Boca es Mía
    </album>
    <album>
        <name/>
        Dímelo en la Calle
    </album>
    <album>
        <name/>
        Alivio de Luto
    </album>
    <album>
        <name/>
        Mentiras Piadosas
    </album>
    <album>
        <name/>
        Malas Compañías
    </album>
    <album>
        <name/>
        Hotel, Dulce Hotel
    </album>
    <album>
        <name/>
        Diario De Un Peaton
    </album>
    <album>
        <name/>
        Vinagre Y Rosas
    </album>
    <album>
        <name/>
        En Directo
    </album>
    <album>
        <name/>
        El Hombre Del Traje Gris
    </album>
    <album>
        <name/>
        Esencial Joaquin Sabina
    </album>
    <album>
        <name/>
        Física y Química
    </album>
    <album>
        <name/>
        Inventario
    </album>
    <album>
        <name/>
        Mucho Sabina
    </album>
    <album>
        <name/>
        Ruleta Rusa
    </album>
    <album>
        <name/>
        Juez y Parte
    </album>
    <album>
        <name/>
        Lo Niego Todo
    </album>
    <album>
        <name/>
        500 Noches para una Crisis (En Directo)
    </album>
    <album>
        <name/>
        19 Dias y 500 Noches
    </album>
    <album>
        <name/>
        Esta Boca Es Mia
    </album>
    <album>
        <name/>
        Parece Que Fue Ayer
    </album>
    <album>
        <name/>
        Entre Todas las Mujeres
    </album>
    <album>
        <name/>
        Diario de un peatón
    </album>
    <album>
        <name/>
        Pongamos que Hablo De Madrid
    </album>
    <album>
        <name/>
        Enemigos Intimos
    </album>
    <album>
        <name/>
        Calle Melancolía
    </album>
    <album>
        <name/>
        title
    </album>
    <album>
        <name/>
        Para Aute: Pasaba por Aquí (feat. Abel Pintos, Carlos Rivera, Dani Martin, Estopa, Ismael Serrano, Jorge Drexler, Pedro Guerra, Silvio Rodríguez, Vanesa Martin  Xoel López)
    </album>
    <album>
        <name/>
        Motivos De Un Sentimiento
    </album>
    <album>
        <name/>
        La Mandrágora
    </album>
    <album>
        <name/>
        Nos Sobran Los Motivos (Acústico 1)
    </album>
    <album>
        <name/>
        Tiramisu de Limon
    </album>
    <album>
        <name/>
        Todos Hablan de Ti
    </album>
    <album>
        <name/>
        Cosas Tuyas
    </album>
    <album>
        <name/>
        Dos Pajaros De Un Tiro
    </album>
    <album>
        <name/>
        Sabina 70
    </album>
    <album>
        <name/>
        Yo, mí, me, contigo
    </album>
    <album>
        <name/>
        Concierto Salamanca
    </album>
    <album>
        <name/>
        La Mandragora
    </album>
    <album>
        <name/>
        Cerrado por derribo
    </album>
    <album>
        <name/>
        Juana La Loca Y Otros Grandes Éxitos
    </album>
    <album>
        <name/>
        (null)
    </album>
    <album>
        <name/>
        Lo mejor de los mejores (disc 2)
    </album>
    <album>
        <name/>
        Juana La Loca
    </album>
    <album>
        <name/>
        Calamaro Querido!! Cantando Al Salmon
    </album>
    <album>
        <name/>
        Tiempo Después
    </album>
</topalbums>
