<?xml version="1.0" encoding="UTF-8"?>
<data>
    <copyright>© Tutiempo Network, S.L.</copyright>
    <use>Se autoriza el uso de estos datos citando a https://www.tutiempo.net como fuente de los mismos.</use>
    <information>
        <temperature>ºC</temperature>
        <wind>km/h</wind>
        <humidity>%</humidity>
        <pressure>hPa</pressure>
    </information>
    <locality>
        <name>Madrid</name>
        <url_weather_forecast_15_days>https://www.tutiempo.net/madrid.html</url_weather_forecast_15_days>
        <url_hourly_forecast>https://www.tutiempo.net/madrid.html?datos=por-horas</url_hourly_forecast>
        <country>España</country>
        <url_country>https://www.tutiempo.net/espana.html</url_country>
    </locality>
    <day>
        <date>2019-11-11</date>
        <temperature_max>13</temperature_max>
        <temperature_min>7</temperature_min>
        <icon>7</icon>
        <text>Cubierto</text>
        <humidity>63</humidity>
        <wind>14</wind>
        <wind_direction>Noroeste</wind_direction>
        <icon_wind>NO</icon_wind>
        <sunrise>7:53</sunrise>
        <sunset>18:03</sunset>
        <moonrise>17:50</moonrise>
        <moonset>06:32</moonset>
        <moon_phases_icon>14</moon_phases_icon>
    </day>
    <day>
        <date>2019-11-12</date>
        <temperature_max>12</temperature_max>
        <temperature_min>5</temperature_min>
        <icon>6</icon>
        <text>Muy nuboso</text>
        <humidity>54</humidity>
        <wind>12</wind>
        <wind_direction>Noroeste</wind_direction>
        <icon_wind>NO</icon_wind>
        <sunrise>7:55</sunrise>
        <sunset>18:02</sunset>
        <moonrise>18:20</moonrise>
        <moonset>07:34</moonset>
        <moon_phases_icon>15</moon_phases_icon>
    </day>
    <day>
        <date>2019-11-13</date>
        <temperature_max>15</temperature_max>
        <temperature_min>7</temperature_min>
        <icon>7</icon>
        <text>Cubierto</text>
        <humidity>58</humidity>
        <wind>29</wind>
        <wind_direction>Suroeste</wind_direction>
        <icon_wind>SO</icon_wind>
        <sunrise>7:56</sunrise>
        <sunset>18:01</sunset>
        <moonrise>18:54</moonrise>
        <moonset>08:37</moonset>
        <moon_phases_icon>16</moon_phases_icon>
    </day>
    <day>
        <date>2019-11-14</date>
        <temperature_max>9</temperature_max>
        <temperature_min>5</temperature_min>
        <icon>18</icon>
        <text>Cubierto con lluvias</text>
        <humidity>59</humidity>
        <wind>31</wind>
        <wind_direction>Noroeste</wind_direction>
        <icon_wind>NO</icon_wind>
        <sunrise>7:57</sunrise>
        <sunset>18:00</sunset>
        <moonrise>19:34</moonrise>
        <moonset>09:41</moonset>
        <moon_phases_icon>17</moon_phases_icon>
    </day>
    <day>
        <date>2019-11-15</date>
        <temperature_max>8</temperature_max>
        <temperature_min>3</temperature_min>
        <icon>7</icon>
        <text>Cubierto</text>
        <humidity>57</humidity>
        <wind>28</wind>
        <wind_direction>Suroeste</wind_direction>
        <icon_wind>SO</icon_wind>
        <sunrise>7:58</sunrise>
        <sunset>17:59</sunset>
        <moonrise>20:21</moonrise>
        <moonset>10:43</moonset>
        <moon_phases_icon>18</moon_phases_icon>
    </day>
    <day>
        <date>2019-11-16</date>
        <temperature_max>9</temperature_max>
        <temperature_min>3</temperature_min>
        <icon>7</icon>
        <text>Cubierto</text>
        <humidity>58</humidity>
        <wind>32</wind>
        <wind_direction>Noroeste</wind_direction>
        <icon_wind>NO</icon_wind>
        <sunrise>7:59</sunrise>
        <sunset>17:59</sunset>
        <moonrise>21:16</moonrise>
        <moonset>11:43</moonset>
        <moon_phases_icon>19</moon_phases_icon>
    </day>
    <day>
        <date>2019-11-17</date>
        <temperature_max>10</temperature_max>
        <temperature_min>4</temperature_min>
        <icon>7</icon>
        <text>Cubierto</text>
        <humidity>58</humidity>
        <wind>15</wind>
        <wind_direction>Noroeste</wind_direction>
        <icon_wind>NO</icon_wind>
        <sunrise>8:00</sunrise>
        <sunset>17:58</sunset>
        <moonrise>22:17</moonrise>
        <moonset>12:37</moonset>
        <moon_phases_icon>20</moon_phases_icon>
    </day>
</data>